{
    "risk_averse_factor": 0,
    "overall_profit": 9897.899999999998,
    "results": {
        "2023-12-01": {
            "profit": 9897.899999999998,
            "auctions": {
                "DA": {
                    "cvar": 5484.677241134648,
                    "volume_traded": 240.0,
                    "net_volume_traded": 120.0,
                    "profit": -15148.000000000002,
                    "forecasted_profit": -14024.983215332031,
                    "SMAPE": 17.92,
                    "scenario_stats": {
                        "IDA1_profit_std": 1522.5457856968133,
                        "IDA1_max_profit": 25119.988441467285,
                        "IDA1_min_profit": 16622.78423309326
                    }
                },
                "IDA1": {
                    "cvar": 2447.883405303957,
                    "volume_traded": 220.0,
                    "net_volume_traded": -160.0,
                    "profit": 30118.35,
                    "forecasted_profit": 28691.54655456543,
                    "SMAPE": 9.57,
                    "scenario_stats": {
                        "IDA2_profit_std": 858.4322565775778,
                        "IDA2_max_profit": -2260.573272705078,
                        "IDA2_min_profit": -6978.520317077638
                    }
                },
                "IDA2": {
                    "volume_traded": 70.0,
                    "net_volume_traded": 40.0,
                    "profit": -5072.45,
                    "forecasted_profit": -5055.042572021484,
                    "SMAPE": 5.48
                }
            }
        }
    }
}